PLR_NAME,BEZ_NAME,gruen_gvz,rang_gruen,esix_wert,rang_sozial
Hasenheide,Neukölln,7.158,6.8,-3.483,100.0
Schulenburgpark,Neukölln,1.788,88.0,-3.396,99.8
Weiße Siedlung,Neukölln,1.997,82.7,-3.304,99.6
Maulbeerallee,Spandau,2.532,63.3,-2.991,99.4
Wassertorplatz,Friedrichshain-Kreuzberg,3.9,23.6,-2.926,99.3
Rollberg,Neukölln,2.58,60.9,-2.686,99.1
Zillesiedlung,Mitte,4.278,18.6,-2.485,98.9
Treptower Straße Nord,Neukölln,2.581,60.7,-2.46,98.7
Rollbergesiedlung,Reinickendorf,2.937,48.2,-2.31,98.5
Glasower Straße,Neukölln,1.593,92.3,-2.301,98.3
Askanischer Platz,Friedrichshain-Kreuzberg,2.773,53.7,-2.221,98.2
Am Berlin Museum,Friedrichshain-Kreuzberg,2.354,69.9,-2.22,98.0
Mehringplatz,Friedrichshain-Kreuzberg,2.092,79.3,-2.199,97.8
Schulstraße,Mitte,3.143,42.6,-2.144,97.6
Leopoldplatz,Mitte,2.358,69.6,-2.143,97.4
Humboldthain Nordwest,Mitte,2.338,71.0,-2.123,97.2
Moritzplatz,Friedrichshain-Kreuzberg,3.231,38.9,-2.118,97.0
Prinzenstraße,Friedrichshain-Kreuzberg,4.319,18.3,-2.118,96.9
Körnerpark,Neukölln,4.3,18.5,-1.954,96.7
Donaustraße,Neukölln,1.788,87.8,-1.945,96.5
Silbersteinstraße,Neukölln,4.451,17.3,-1.851,96.3
Wartheplatz,Neukölln,5.074,12.9,-1.851,96.1
Flughafenstraße,Neukölln,1.944,84.7,-1.849,95.9
Kurstraße,Spandau,2.891,50.2,-1.836,95.8
Treuenbrietzener Straße,Reinickendorf,3.607,29.2,-1.798,95.6
Uferstraße,Mitte,3.155,42.1,-1.789,95.4
Antonstraße,Mitte,2.95,47.4,-1.789,95.2
Schwedenstraße,Mitte,2.867,51.3,-1.789,95.0
Westerwaldstraße,Spandau,3.306,37.1,-1.789,94.8
Drontheimer Straße,Mitte,2.824,52.2,-1.78,94.6
Koloniestraße,Mitte,2.809,52.4,-1.78,94.5
Soldiner Straße,Mitte,5.296,12.0,-1.78,94.3
Oranienplatz,Friedrichshain-Kreuzberg,3.158,41.9,-1.759,94.1
Zossener Straße,Marzahn-Hellersdorf,2.034,81.5,-1.739,93.9
Brunnenstraße,Mitte,2.582,60.5,-1.738,93.7
Beusselkiez,Mitte,2.227,74.4,-1.736,93.5
Huttenkiez,Mitte,0.819,98.7,-1.732,93.4
Germaniagarten,Tempelhof-Schöneberg,2.464,65.3,-1.716,93.2
Wriezener Bahnhof,Friedrichshain-Kreuzberg,0.497,99.8,-1.712,93.0
Lübecker Straße,Mitte,2.962,47.0,-1.707,92.8
Gropiusstadt Mitte,Neukölln,5.222,12.4,-1.704,92.6
Gropiusstadt Süd-Ost,Neukölln,3.678,27.1,-1.704,92.4
Ortolanweg,Neukölln,2.126,77.5,-1.687,92.3
Jahnstraße,Neukölln,2.233,73.8,-1.654,92.1
Park am Buschkrug,Neukölln,2.671,57.4,-1.654,91.9
Klixstraße,Reinickendorf,2.731,55.0,-1.637,91.7
Gewerbegebiet Bitterfelder Straße,Marzahn-Hellersdorf,2.373,69.2,-1.63,91.5
Alvenslebenstraße,Tempelhof-Schöneberg,2.937,48.3,-1.62,91.3
Großgörschenstraße,Tempelhof-Schöneberg,3.513,31.0,-1.619,91.1
Rudolf-Wissell-Großsiedlung,Spandau,4.092,21.6,-1.618,91.0
Dannenwalder Weg,Reinickendorf,4.67,15.5,-1.576,90.8
Braunschweiger Straße,Neukölln,2.794,53.0,-1.561,90.6
Alt-Rixdorf,Neukölln,2.399,68.1,-1.561,90.4
Ganghoferstraße,Neukölln,2.178,76.2,-1.56,90.2
Pillnitzer Weg,Spandau,4.417,17.5,-1.537,90.0
Paul-Hertz-Siedlung,Charlottenburg-Wilmersdorf,4.034,22.3,-1.51,89.9
Schillerpromenade Nord,Neukölln,4.113,20.8,-1.504,89.7
Schillerpromenade Süd,Neukölln,1.461,94.1,-1.504,89.5
Hellersdorfer Promenade,Marzahn-Hellersdorf,3.194,40.4,-1.504,89.3
Gropiusstadt Nord-West,Neukölln,3.52,30.3,-1.487,89.1
Tiefwerder,Spandau,5.013,13.7,-1.447,88.9
Schlossgarten,Charlottenburg-Wilmersdorf,4.502,16.8,-1.426,88.7
Köpenicker Straße,Friedrichshain-Kreuzberg,2.717,55.4,-1.391,88.6
Lausitzer Platz,Friedrichshain-Kreuzberg,2.786,53.1,-1.39,88.4
Frobenstraße,Tempelhof-Schöneberg,2.443,66.6,-1.359,88.2
Kalckreuthstraße,Tempelhof-Schöneberg,2.696,56.5,-1.359,88.0
Sparrplatz,Mitte,2.653,58.1,-1.345,87.8
Nordufer,Mitte,2.488,64.4,-1.344,87.6
Gesundbrunnen,Mitte,2.071,80.3,-1.296,87.5
Zwinglistraße,Mitte,2.753,54.1,-1.279,87.3
Körnerstraße,Mitte,2.079,80.1,-1.264,87.1
Eiswerder,Spandau,1.476,93.7,-1.264,86.9
Hertzbergplatz,Neukölln,2.386,68.5,-1.259,86.7
Boulevard Kastanienallee,Marzahn-Hellersdorf,2.571,61.4,-1.252,86.5
Im Spektefeld,Spandau,2.87,51.1,-1.225,86.3
Böhlener Straße,Marzahn-Hellersdorf,5.009,14.0,-1.221,86.2
Nahariyastraße,Tempelhof-Schöneberg,3.351,34.7,-1.214,86.0
Tempelhofer Weg,Neukölln,2.685,56.6,-1.183,85.8
Märkisches Zentrum,Reinickendorf,3.757,25.1,-1.167,85.6
Zingster Straße West,Lichtenberg,3.191,40.6,-1.16,85.4
Kosmos Viertel,Treptow-Köpenick,1.466,93.9,-1.139,85.2
Neue Grottkauer Straße,Marzahn-Hellersdorf,2.172,76.4,-1.123,85.1
Germersheimer Platz,Spandau,2.75,54.2,-1.092,84.9
Scharnweberstraße,Reinickendorf,2.385,68.6,-1.081,84.7
Tegel Süd,Reinickendorf,5.049,13.1,-1.069,84.5
Westliche Müllerstraße,Mitte,2.223,74.5,-1.066,84.3
Marzahn West,Marzahn-Hellersdorf,1.842,86.5,-1.064,84.1
Falkenberg Ost,Lichtenberg,3.513,30.8,-1.038,83.9
Eckschanze,Spandau,2.702,56.3,-1.02,83.8
Bouchéstraße,Neukölln,3.085,44.1,-1.002,83.6
Reichenberger Straße West,Friedrichshain-Kreuzberg,2.563,62.0,-1.001,83.4
Breitkopfbecken,Reinickendorf,4.381,17.9,-0.986,83.2
Letteplatz,Reinickendorf,3.277,37.8,-0.976,83.0
Lützowstraße,Mitte,2.309,71.2,-0.967,82.8
Gartenfelder Straße,Spandau,2.969,46.7,-0.943,82.7
Magistratsweg,Spandau,3.272,38.0,-0.921,82.5
Reichenberger Straße Ost,Friedrichshain-Kreuzberg,3.576,29.5,-0.917,82.3
Volkspark Prenzlauer Berg,Pankow,3.732,25.6,-0.917,82.1
Hausotterplatz,Reinickendorf,3.515,30.4,-0.901,81.9
Kameruner Straße,Mitte,4.592,15.9,-0.89,81.7
Afrikanische Straße,Mitte,6.437,8.3,-0.89,81.5
Schillerpark,Mitte,5.5,11.3,-0.879,81.4
Glasgower Straße,Mitte,3.72,26.0,-0.879,81.2
Londoner Straße,Mitte,3.2,40.2,-0.879,81.0
Ackerstraße,Spandau,2.843,52.0,-0.878,80.8
Wrangelkiez,Friedrichshain-Kreuzberg,2.861,51.5,-0.862,80.6
Freiheit,Spandau,1.781,88.4,-0.851,80.4
Wittenberger Straße,Marzahn-Hellersdorf,2.345,70.7,-0.851,80.3
Rosenbecker Straße,Marzahn-Hellersdorf,1.658,91.1,-0.851,80.1
Golliner Straße,Marzahn-Hellersdorf,2.95,47.6,-0.851,79.9
Jungfernheide/Plötzensee,Charlottenburg-Wilmersdorf,5.97,9.8,-0.833,79.7
Stephankiez,Mitte,4.067,22.1,-0.807,79.5
Wuhletalstraße,Marzahn-Hellersdorf,2.481,64.8,-0.805,79.3
Carl-Schurz-Straße,Spandau,3.061,45.0,-0.801,79.2
Spreestadt,Charlottenburg-Wilmersdorf,1.304,95.9,-0.797,79.0
Klausenerplatz,Charlottenburg-Wilmersdorf,2.549,62.5,-0.787,78.8
Zingster Straße Ost,Lichtenberg,4.183,19.7,-0.781,78.6
Griesingerstraße,Spandau,8.637,4.4,-0.759,78.4
Reinickes Hof,Reinickendorf,1.805,87.3,-0.739,78.2
Hohenschönhausener Straße,Lichtenberg,2.674,57.2,-0.736,78.0
Weichselplatz,Neukölln,3.118,43.2,-0.736,77.9
Reuterplatz,Neukölln,2.892,50.0,-0.736,77.7
Maybachufer,Neukölln,2.716,55.5,-0.736,77.5
Helle Mitte,Marzahn-Hellersdorf,0.433,100.0,-0.731,77.3
Emdener Straße,Mitte,2.631,59.2,-0.725,77.1
Bremer Straße,Mitte,3.173,41.3,-0.725,76.9
Humboldthain Süd,Mitte,4.8,14.9,-0.724,76.8
Graefekiez Nord,Friedrichshain-Kreuzberg,3.466,32.1,-0.723,76.6
Graefekiez Süd,Friedrichshain-Kreuzberg,2.656,57.9,-0.723,76.4
Marienfelder Allee Nordwest,Tempelhof-Schöneberg,2.732,54.8,-0.717,76.2
Gropiusstadt Süd-West,Neukölln,4.452,17.2,-0.709,76.0
Rathaus Yorckstraße,Friedrichshain-Kreuzberg,2.599,60.0,-0.696,75.8
Wilhelmstadt West,Spandau,2.265,72.9,-0.692,75.6
Wilhelmstadt Ost,Spandau,3.172,41.5,-0.69,75.5
Ernst-Reuter-Platz,Charlottenburg-Wilmersdorf,2.025,81.9,-0.686,75.3
Karower Chaussee,Pankow,4.265,18.8,-0.666,75.1
Graetschelsteig,Spandau,3.424,33.0,-0.655,74.9
Wartenberg Süd,Lichtenberg,2.101,78.6,-0.654,74.7
Heidestraße,Mitte,0.646,99.1,-0.65,74.5
Tirschenreuther Ring Ost,Tempelhof-Schöneberg,3.336,35.6,-0.639,74.4
Tirschenreuther Ring West,Tempelhof-Schöneberg,4.013,22.5,-0.639,74.2
Diedersdorfer Weg,Tempelhof-Schöneberg,2.341,70.8,-0.636,74.0
Havelländer Ring,Marzahn-Hellersdorf,2.237,73.6,-0.616,73.8
Kyritzer Straße,Marzahn-Hellersdorf,2.021,82.3,-0.615,73.6
Gut Hellersdorf,Marzahn-Hellersdorf,2.465,65.1,-0.615,73.4
Teichstraße,Reinickendorf,3.348,35.1,-0.614,73.2
Klinikum Buch,Pankow,6.556,8.1,-0.606,73.1
Altstadt Köpenick,Treptow-Köpenick,1.942,84.9,-0.593,72.9
Ahrensfelder Berge,Marzahn-Hellersdorf,4.817,14.8,-0.58,72.7
Thälmannpark,Pankow,3.252,38.6,-0.578,72.5
Buckow Ost,Neukölln,2.147,76.8,-0.573,72.3
Nonnendammallee,Spandau,2.874,50.7,-0.572,72.1
Julius-Leber-Brücke,Tempelhof-Schöneberg,2.304,71.6,-0.563,72.0
Belziger Straße,Tempelhof-Schöneberg,2.611,59.6,-0.562,71.8
Feurigstraße,Tempelhof-Schöneberg,1.538,92.8,-0.562,71.6
Wartenberg Nord,Lichtenberg,2.107,78.0,-0.525,71.4
Falkenberg West,Lichtenberg,2.461,65.5,-0.522,71.2
John-Locke-Straße,Tempelhof-Schöneberg,2.544,62.7,-0.499,71.0
Am Forstacker,Spandau,3.669,27.5,-0.483,70.8
Gensinger Straße,Lichtenberg,3.188,40.8,-0.473,70.7
Schleipfuhl,Marzahn-Hellersdorf,3.338,35.4,-0.471,70.5
Fennpfuhl Ost,Lichtenberg,2.887,50.4,-0.465,70.3
Goldhähnchenweg,Neukölln,2.425,67.2,-0.458,70.1
Richard-Wagner-Straße,Charlottenburg-Wilmersdorf,2.054,81.2,-0.446,69.9
Eisenacher Straße,Tempelhof-Schöneberg,3.666,27.7,-0.44,69.7
Siemensdamm,Spandau,3.629,28.8,-0.427,69.6
Rohrdamm,Spandau,7.371,6.1,-0.427,69.4
Wittenbergplatz,Tempelhof-Schöneberg,2.456,65.9,-0.424,69.2
Gartenfeld,Spandau,2.651,58.5,-0.419,69.0
Buckower Ring,Marzahn-Hellersdorf,3.767,24.7,-0.413,68.8
Frankfurter Allee Süd,Lichtenberg,2.357,69.7,-0.408,68.6
Schäfersee,Reinickendorf,4.372,18.1,-0.391,68.5
Helmholtz-Kiez,Treptow-Köpenick,2.567,61.6,-0.385,68.3
Machonstraße,Tempelhof-Schöneberg,2.893,49.8,-0.371,68.1
Ringstraße,Tempelhof-Schöneberg,2.127,77.1,-0.371,67.9
Hauptstraße,Lichtenberg,1.49,93.4,-0.371,67.7
Thermometersiedlung,Steglitz-Zehlendorf,4.076,21.8,-0.357,67.5
Landweg,Steglitz-Zehlendorf,5.038,13.5,-0.335,67.3
Springpfuhl,Marzahn-Hellersdorf,3.115,43.4,-0.33,67.2
Urbanstraße,Friedrichshain-Kreuzberg,3.42,33.2,-0.324,67.0
Lea-Grundig-Straße,Marzahn-Hellersdorf,2.565,61.8,-0.324,66.8
Bürgerpark,Marzahn-Hellersdorf,2.999,45.9,-0.324,66.6
Köllnische Vorstadt,Treptow-Köpenick,2.54,62.9,-0.324,66.4
Tegeler Weg,Charlottenburg-Wilmersdorf,2.508,63.8,-0.307,66.2
Tierpark,Lichtenberg,7.462,5.7,-0.305,66.1
Am Kienberg,Marzahn-Hellersdorf,2.102,78.4,-0.295,65.9
Marzahner Promenade,Marzahn-Hellersdorf,2.214,74.9,-0.292,65.7
Imbrosweg,Tempelhof-Schöneberg,3.212,39.7,-0.281,65.5
Schumacher-Quartier,Reinickendorf,1.242,96.7,-0.271,65.3
Michelangelostraße,Pankow,3.545,30.1,-0.263,65.1
Lindenhofsiedlung,Tempelhof-Schöneberg,3.461,32.3,-0.262,64.9
Hufeisensiedlung,Neukölln,4.182,19.9,-0.26,64.8
Parchimer Allee Süd,Neukölln,6.022,9.6,-0.26,64.6
Griechischer Park,Treptow-Köpenick,1.546,92.4,-0.255,64.4
Wuhlheide,Treptow-Köpenick,8.369,4.8,-0.254,64.2
Schlangenbader Straße,Charlottenburg-Wilmersdorf,2.388,68.3,-0.253,64.0
Fritz-Werner-Straße,Tempelhof-Schöneberg,1.812,86.9,-0.248,63.8
Rosenfelder Ring,Lichtenberg,2.428,67.0,-0.242,63.7
Mellerbogen,Reinickendorf,3.21,39.9,-0.225,63.5
Gallwitzallee,Steglitz-Zehlendorf,3.453,32.5,-0.221,63.3
Belßstraße,Steglitz-Zehlendorf,3.1,43.9,-0.221,63.1
Volkspark (Rudolph-Wilde-Park),Tempelhof-Schöneberg,2.908,49.3,-0.217,62.9
Chamissokiez,Friedrichshain-Kreuzberg,3.063,44.8,-0.215,62.7
Grazer Platz,Tempelhof-Schöneberg,2.606,59.8,-0.212,62.5
Humboldtstraße,Reinickendorf,4.003,22.7,-0.208,62.4
Rathaus Tempelhof,Tempelhof-Schöneberg,2.254,73.1,-0.196,62.2
Volkradstraße,Lichtenberg,4.862,14.6,-0.189,62.0
Erieseering,Lichtenberg,3.692,26.6,-0.188,61.8
Dolgenseestraße,Lichtenberg,5.377,11.8,-0.187,61.6
Marienhöhe,Tempelhof-Schöneberg,3.368,34.5,-0.166,61.4
Mühlengrund,Lichtenberg,3.18,41.0,-0.155,61.3
Landsberger Allee,Lichtenberg,3.084,44.3,-0.153,61.1
Kaiserin-Augusta-Allee,Charlottenburg-Wilmersdorf,1.459,94.3,-0.151,60.9
Barnimkiez,Friedrichshain-Kreuzberg,5.875,10.1,-0.123,60.7
Borkumer Straße,Spandau,1.811,87.1,-0.095,60.5
Handwerker-Siedlung,Neukölln,3.635,28.6,-0.094,60.3
Buckow Mitte,Neukölln,2.095,79.0,-0.08,60.1
Alt-Lietzow,Charlottenburg-Wilmersdorf,2.856,51.8,-0.076,60.0
Andreasviertel,Friedrichshain-Kreuzberg,3.339,35.2,-0.073,59.8
Schöneberger Linse,Tempelhof-Schöneberg,0.573,99.4,-0.06,59.6
Hohenfriedbergstraße,Tempelhof-Schöneberg,1.695,89.9,-0.06,59.4
Cheruskerstraße,Tempelhof-Schöneberg,1.96,83.6,-0.06,59.2
Lankwitz Kirche,Steglitz-Zehlendorf,3.718,26.2,-0.043,59.0
Wittenau Mitte,Reinickendorf,5.597,10.9,-0.039,58.9
Wittenau Süd,Reinickendorf,3.504,31.5,-0.038,58.7
Cecilienplatz,Marzahn-Hellersdorf,2.071,80.4,-0.033,58.5
Vogelviertel Nord,Neukölln,1.951,84.3,-0.031,58.3
Babelsberger Straße,Charlottenburg-Wilmersdorf,3.392,33.8,-0.018,58.1
Velodrom,Pankow,1.659,91.0,-0.015,57.9
Friedrich-Karl-Straße,Tempelhof-Schöneberg,2.62,59.4,0.005,57.7
Bosepark,Tempelhof-Schöneberg,3.205,40.0,0.005,57.6
Wittekindstraße,Tempelhof-Schöneberg,2.448,66.2,0.005,57.4
Bucher Forst,Pankow,5.624,10.7,0.007,57.2
Malchower Weg,Lichtenberg,1.703,89.7,0.013,57.0
Mertensstraße,Spandau,1.735,89.3,0.022,56.8
Rathaus Weißensee,Pankow,2.133,76.9,0.027,56.6
Lüneburger Straße,Mitte,2.025,82.1,0.028,56.5
Viktoriapark,Friedrichshain-Kreuzberg,3.305,37.3,0.041,56.3
Borsigwalde,Reinickendorf,1.668,90.6,0.045,56.1
Barstraße,Charlottenburg-Wilmersdorf,3.371,34.1,0.049,55.9
Victoriastadt,Lichtenberg,1.674,90.0,0.054,55.7
Karl-August-Platz,Charlottenburg-Wilmersdorf,2.039,81.4,0.054,55.5
Brabanter Platz,Charlottenburg-Wilmersdorf,2.369,69.4,0.064,55.4
Zehlendorf Süd,Steglitz-Zehlendorf,3.513,31.2,0.067,55.2
Alt-Marzahn,Marzahn-Hellersdorf,1.977,83.2,0.07,55.0
Auersbergstraße,Marzahn-Hellersdorf,2.459,65.7,0.07,54.8
Amorbacher Weg,Spandau,5.234,12.2,0.075,54.6
Bärenstein,Marzahn-Hellersdorf,2.453,66.1,0.076,54.4
Gontermannstraße,Tempelhof-Schöneberg,2.204,75.3,0.076,54.2
Paradestraße,Tempelhof-Schöneberg,0.894,98.5,0.076,54.1
Karl-Marx-Allee,Mitte,2.937,48.0,0.087,53.9
Hansastraße,Pankow,6.113,9.0,0.087,53.7
Große-Leege-Straße,Lichtenberg,2.199,75.5,0.107,53.5
Kölner Viertel,Treptow-Köpenick,1.348,95.4,0.115,53.3
Plänterwald Ost,Treptow-Köpenick,10.842,2.8,0.116,53.1
Vogelviertel Süd,Neukölln,1.984,83.0,0.118,53.0
Kaiser-Wilhelm-Straße,Steglitz-Zehlendorf,3.674,27.3,0.124,52.8
Traveplatz,Friedrichshain-Kreuzberg,1.926,85.2,0.132,52.6
Bühringstraße,Pankow,4.07,22.0,0.133,52.4
Wismarplatz,Friedrichshain-Kreuzberg,3.131,42.8,0.133,52.2
Niederbarnimstraße,Friedrichshain-Kreuzberg,2.984,46.3,0.133,52.0
Spandauer Straße,Spandau,1.941,85.1,0.144,51.8
Zitadellenweg,Spandau,2.572,61.3,0.149,51.7
Barbarossaplatz,Tempelhof-Schöneberg,3.772,24.5,0.151,51.5
Maselake,Spandau,1.972,83.4,0.154,51.3
Hakenfelde Nord,Spandau,13.503,0.9,0.154,51.1
Alt-Rudow,Neukölln,1.758,89.1,0.159,50.9
Lichterfelde Süd,Steglitz-Zehlendorf,3.514,30.6,0.169,50.7
Alt-Lankwitz,Steglitz-Zehlendorf,3.658,27.9,0.185,50.6
Alt-Treptow,Treptow-Köpenick,6.072,9.2,0.191,50.4
Britzer Garten,Neukölln,4.099,21.2,0.194,50.2
Haveleck,Spandau,2.287,72.5,0.198,50.0
Adele-Sandrock-Straße,Marzahn-Hellersdorf,1.958,83.8,0.211,49.8
Frauenviertel,Neukölln,1.304,96.1,0.213,49.6
Droysenstraße,Charlottenburg-Wilmersdorf,2.743,54.4,0.216,49.4
An der Kappe,Spandau,1.957,83.9,0.216,49.3
Marienfelde Nordost,Tempelhof-Schöneberg,1.325,95.8,0.227,49.1
Bahnhof Schöneweide,Treptow-Köpenick,2.658,57.7,0.24,48.9
Fennpfuhlpark,Lichtenberg,3.487,31.9,0.244,48.7
Rudolf-Seiffert-Park,Lichtenberg,3.401,33.6,0.245,48.5
Storkower Bogen,Lichtenberg,2.78,53.3,0.245,48.3
Behaimstraße,Pankow,2.123,77.7,0.252,48.2
Hundsteinweg,Tempelhof-Schöneberg,3.307,36.9,0.255,48.0
Friedenstraße,Friedrichshain-Kreuzberg,3.916,23.4,0.264,47.8
Leon-Jessel-Platz,Charlottenburg-Wilmersdorf,2.422,67.3,0.264,47.6
Mohriner Allee Nord,Neukölln,1.953,84.1,0.279,47.4
Allende I,Treptow-Köpenick,2.703,55.7,0.28,47.2
Dörpfeldstraße Ost,Treptow-Köpenick,6.15,8.9,0.285,47.0
Dörpfeldstraße West,Treptow-Köpenick,2.382,68.8,0.286,46.9
Schloßstraße,Charlottenburg-Wilmersdorf,2.152,76.6,0.298,46.7
Teterower Ring,Marzahn-Hellersdorf,3.0,45.8,0.3,46.5
Buckow West,Neukölln,2.231,74.2,0.304,46.3
Massower Straße,Lichtenberg,2.769,53.9,0.313,46.1
Nöldnerplatz,Lichtenberg,2.893,49.6,0.313,45.9
Weitlingkiez,Lichtenberg,3.258,38.4,0.314,45.8
Zachertstraße,Lichtenberg,3.62,29.0,0.314,45.6
Marzahner Chaussee,Marzahn-Hellersdorf,1.773,88.7,0.315,45.4
Eisenzahnstraße,Charlottenburg-Wilmersdorf,2.187,76.0,0.315,45.2
Königin-Elisabeth-Straße,Charlottenburg-Wilmersdorf,1.443,94.6,0.316,45.0
Hansaviertel,Mitte,4.189,19.6,0.317,44.8
Ostseestraße,Pankow,2.307,71.4,0.321,44.6
Stralauer Kiez,Friedrichshain-Kreuzberg,1.065,97.8,0.325,44.5
Waltersdorfer Chaussee Ost,Neukölln,2.295,71.8,0.327,44.3
Thomasiusstraße,Mitte,2.881,50.6,0.332,44.1
Weißenseer Spitze,Pankow,2.191,75.8,0.336,43.9
Lietzensee,Charlottenburg-Wilmersdorf,3.499,31.7,0.337,43.7
Kietzer Feld/Nachtheide,Treptow-Köpenick,9.297,4.1,0.341,43.5
Hausburgviertel,Friedrichshain-Kreuzberg,1.852,86.2,0.343,43.4
Karow Nord,Pankow,1.39,95.0,0.353,43.2
Anton-Saefkow-Park,Pankow,3.315,36.7,0.353,43.0
Forckenbeckplatz,Friedrichshain-Kreuzberg,2.49,64.2,0.356,42.8
Pettenkofer Straße,Friedrichshain-Kreuzberg,1.52,93.0,0.357,42.6
Samariterviertel,Friedrichshain-Kreuzberg,1.241,96.9,0.357,42.4
Munsterdamm,Steglitz-Zehlendorf,5.659,10.5,0.358,42.3
Landsberger Tor,Marzahn-Hellersdorf,3.429,32.8,0.365,42.1
Baumschulenweg Ost,Treptow-Köpenick,3.877,24.0,0.367,41.9
Baumschulenweg West,Treptow-Köpenick,3.95,23.1,0.367,41.7
Stülerstraße,Mitte,2.232,74.0,0.372,41.5
Herzbergstraße,Lichtenberg,3.725,25.8,0.372,41.3
Rathaus Lichtenberg,Lichtenberg,3.322,36.5,0.372,41.1
Roedeliusplatz,Lichtenberg,2.09,79.9,0.372,41.0
Nibelungenviertel,Lichtenberg,2.95,47.2,0.372,40.8
Bornitzstraße,Lichtenberg,1.446,94.5,0.372,40.6
Spindlersfeld,Treptow-Köpenick,4.095,21.4,0.387,40.4
Schaperstraße,Charlottenburg-Wilmersdorf,3.642,28.2,0.388,40.2
Bergstraße,Steglitz-Zehlendorf,2.684,56.8,0.39,40.0
Töpchiner Weg,Tempelhof-Schöneberg,1.784,88.2,0.393,39.9
Mittelstraße,Steglitz-Zehlendorf,4.232,19.4,0.399,39.7
Ziekowstraße/Freie Scholle,Reinickendorf,4.592,15.7,0.4,39.5
Alexanderplatzviertel,Mitte,1.076,97.6,0.403,39.3
Prager Platz,Charlottenburg-Wilmersdorf,3.328,36.3,0.403,39.1
Stadtpark,Steglitz-Zehlendorf,5.397,11.6,0.406,38.9
Senefelderstraße,Pankow,1.634,91.3,0.417,38.7
Helmholtzplatz,Pankow,2.291,72.1,0.418,38.6
Gethsemanekirche,Pankow,1.666,90.8,0.418,38.4
Elberfelder Straße,Mitte,2.936,48.5,0.419,38.2
Lübarser Straße,Reinickendorf,2.212,75.1,0.423,38.0
Hindemithplatz,Charlottenburg-Wilmersdorf,2.927,48.7,0.436,37.8
Angerburger Allee,Charlottenburg-Wilmersdorf,9.21,4.2,0.438,37.6
Bayerischer Platz,Tempelhof-Schöneberg,2.807,52.6,0.45,37.5
Rummelsburg,Lichtenberg,1.134,97.4,0.456,37.3
Weinmeisterhornweg,Spandau,2.861,51.7,0.459,37.1
Schorfheidestraße,Reinickendorf,1.846,86.3,0.461,36.9
Breitscheidplatz,Charlottenburg-Wilmersdorf,1.379,95.2,0.463,36.7
Feuerbachstraße,Steglitz-Zehlendorf,3.109,43.7,0.464,36.5
Hindenburgdamm,Steglitz-Zehlendorf,4.953,14.2,0.465,36.3
Bismarckstraße,Steglitz-Zehlendorf,3.333,36.2,0.483,36.2
Ludwigkirchplatz,Charlottenburg-Wilmersdorf,2.986,46.1,0.485,36.0
Südende,Steglitz-Zehlendorf,3.755,25.3,0.498,35.8
Komponistenviertel Weißensee,Pankow,7.403,5.9,0.501,35.6
Leipziger Straße,Mitte,1.049,98.0,0.505,35.4
Düppel,Steglitz-Zehlendorf,11.782,2.2,0.513,35.2
Halensee,Charlottenburg-Wilmersdorf,3.144,42.4,0.513,35.1
Hochmeisterplatz,Charlottenburg-Wilmersdorf,2.374,69.0,0.513,34.9
Binger Straße,Charlottenburg-Wilmersdorf,3.507,31.4,0.517,34.7
Waldidyll/Flughafensee,Reinickendorf,10.45,3.3,0.521,34.5
TXL,Reinickendorf,1.817,86.7,0.522,34.3
Wilhelmstraße,Mitte,0.723,98.9,0.527,34.1
Alt-Tegel,Reinickendorf,5.114,12.7,0.539,33.9
Horstwalder Straße,Tempelhof-Schöneberg,4.696,15.1,0.539,33.8
Johannisthal West,Treptow-Köpenick,6.624,7.9,0.545,33.6
Richard-Sorge-Viertel,Friedrichshain-Kreuzberg,2.642,59.0,0.558,33.4
Staakener Straße,Spandau,1.488,93.5,0.558,33.2
Norweger Viertel,Pankow,2.349,70.3,0.56,33.0
Malmöer Straße,Pankow,1.228,97.0,0.56,32.8
Arnimplatz,Pankow,2.471,64.9,0.561,32.7
Flinsberger Platz,Charlottenburg-Wilmersdorf,3.693,26.4,0.566,32.5
George-Grosz-Platz,Charlottenburg-Wilmersdorf,2.095,79.2,0.567,32.3
Preußenpark,Charlottenburg-Wilmersdorf,3.269,38.2,0.571,32.1
Nikolsburger Platz,Charlottenburg-Wilmersdorf,2.703,56.1,0.572,31.9
Amtsgerichtsplatz,Charlottenburg-Wilmersdorf,2.407,67.5,0.583,31.7
Hirschgarten,Treptow-Köpenick,5.84,10.3,0.599,31.5
Tiroler Viertel,Pankow,3.125,43.0,0.614,31.4
Trelleborger Viertel,Pankow,3.227,39.1,0.614,31.2
Spiekermann Straße,Pankow,2.646,58.7,0.614,31.0
Arnold-Zweig-Straße,Pankow,2.446,66.4,0.614,30.8
Kissingenviertel,Pankow,3.222,39.5,0.614,30.6
Pankower Tor,Pankow,1.634,91.5,0.614,30.4
Johannisthal Ost,Treptow-Köpenick,2.536,63.1,0.616,30.3
Landschaftspark Adlershof,Treptow-Köpenick,1.043,98.2,0.618,30.1
Revaler Straße,Friedrichshain-Kreuzberg,2.576,61.1,0.618,29.9
Königsberger Straße,Steglitz-Zehlendorf,4.119,20.7,0.619,29.7
Weißer See,Pankow,4.174,20.3,0.621,29.5
Weberwiese,Friedrichshain-Kreuzberg,3.687,26.8,0.622,29.3
Oberspree,Treptow-Köpenick,3.153,42.3,0.623,29.2
Boxhagener Platz,Friedrichshain-Kreuzberg,2.681,57.0,0.625,29.0
Bismarckallee,Charlottenburg-Wilmersdorf,5.046,13.3,0.629,28.8
Wittenau Nord,Reinickendorf,4.255,19.2,0.632,28.6
Savignyplatz,Charlottenburg-Wilmersdorf,2.192,75.6,0.642,28.4
Bahnhofstraße,Treptow-Köpenick,2.407,67.7,0.653,28.2
Friedrichshagener Straße,Treptow-Köpenick,2.976,46.5,0.654,28.0
Güterbahnhof Köpenick,Treptow-Köpenick,3.298,37.6,0.654,27.9
Branitzer Platz,Charlottenburg-Wilmersdorf,3.368,34.3,0.665,27.7
Florakiez,Pankow,2.912,49.1,0.668,27.5
Garbátyplatz,Pankow,2.904,49.4,0.668,27.3
Schlosspark,Pankow,4.546,16.2,0.668,27.1
Parkstraße,Pankow,5.587,11.1,0.668,26.9
Wolfshagener Straße,Pankow,3.236,38.7,0.668,26.8
Wilhelmsaue,Charlottenburg-Wilmersdorf,3.974,22.9,0.686,26.6
Schütte-Lanz-Straße,Steglitz-Zehlendorf,2.919,48.9,0.687,26.4
Kranzallee,Charlottenburg-Wilmersdorf,8.06,5.4,0.688,26.2
Heinersdorf,Pankow,1.924,85.4,0.691,26.0
Schloßstraße,Steglitz-Zehlendorf,2.585,60.1,0.691,25.8
Bötzowstraße,Pankow,2.099,78.8,0.692,25.6
Ceciliengärten,Tempelhof-Schöneberg,3.049,45.2,0.698,25.5
Herthaplatz,Pankow,3.178,41.1,0.702,25.3
Oranienburger Straße,Mitte,1.54,92.6,0.714,25.1
Am Heideberg,Spandau,1.892,85.8,0.725,24.9
Breite Straße,Charlottenburg-Wilmersdorf,2.966,46.9,0.727,24.7
Siedlung Kämmereiheide,Treptow-Köpenick,9.801,3.9,0.734,24.5
Plänterwald West,Treptow-Köpenick,3.066,44.6,0.745,24.4
Zehlendorf Mitte,Steglitz-Zehlendorf,4.542,16.4,0.746,24.2
Sundgauer Straße,Steglitz-Zehlendorf,3.375,33.9,0.746,24.0
Falkplatz,Pankow,1.674,90.2,0.75,23.8
Hildegardstraße,Charlottenburg-Wilmersdorf,2.741,54.6,0.759,23.6
Kettinger Straße,Tempelhof-Schöneberg,2.663,57.6,0.764,23.4
Heine-Viertel West,Mitte,2.775,53.5,0.78,23.2
Eddastraße,Pankow,2.007,82.5,0.783,23.1
Nisbléstraße,Pankow,1.773,88.6,0.783,22.9
Krugpfuhl,Pankow,1.27,96.5,0.783,22.7
Güterbahnhof Grunewald,Charlottenburg-Wilmersdorf,1.672,90.4,0.794,22.5
Neu Westend,Charlottenburg-Wilmersdorf,3.857,24.2,0.799,22.3
Fürstenplatz,Charlottenburg-Wilmersdorf,3.587,29.3,0.799,22.1
Alt-Kaulsdorf,Marzahn-Hellersdorf,2.288,72.3,0.806,22.0
Waidmannslust,Reinickendorf,8.08,5.2,0.813,21.8
Rüdesheimer Platz,Charlottenburg-Wilmersdorf,3.916,23.2,0.815,21.6
Komponistenviertel Lankwitz,Steglitz-Zehlendorf,4.552,16.1,0.82,21.4
Forckenbeckstraße,Charlottenburg-Wilmersdorf,2.798,52.8,0.824,21.2
Allende II,Treptow-Köpenick,12.32,1.5,0.828,21.0
Christburger Straße,Pankow,1.794,87.6,0.831,20.8
Immanuelkirchstraße,Pankow,3.566,29.9,0.831,20.7
Markelstraße,Steglitz-Zehlendorf,2.346,70.5,0.836,20.5
Lankwitz Süd,Steglitz-Zehlendorf,3.048,45.4,0.845,20.3
Zittauer Straße,Neukölln,1.881,86.0,0.85,20.1
Augustaplatz,Steglitz-Zehlendorf,3.896,23.8,0.851,19.9
Heine-Viertel Ost,Mitte,2.091,79.7,0.854,19.7
Teutoburger Platz,Pankow,1.985,82.8,0.859,19.6
Humannplatz,Pankow,2.719,55.2,0.865,19.4
Rodenbergstraße,Pankow,2.11,77.9,0.865,19.2
Botanischer Garten,Steglitz-Zehlendorf,4.412,17.7,0.869,19.0
Dorf Falkenberg,Lichtenberg,1.291,96.3,0.873,18.8
Waßmannsdorfer Chaussee,Neukölln,2.126,77.3,0.875,18.6
Perelsplatz,Tempelhof-Schöneberg,2.645,58.9,0.881,18.5
Taunusstraße,Tempelhof-Schöneberg,3.758,24.9,0.881,18.3
Odenwaldstraße,Tempelhof-Schöneberg,3.073,44.5,0.881,18.1
Blumenviertel,Neukölln,1.948,84.5,0.887,17.9
Hundekehle,Charlottenburg-Wilmersdorf,13.742,0.4,0.892,17.7
Pastor-Niemöller-Platz,Pankow,3.16,41.7,0.909,17.5
Uhlandstraße,Pankow,2.292,72.0,0.909,17.3
Werkstraße,Spandau,2.871,50.9,0.912,17.2
Sredzkistraße,Pankow,2.583,60.3,0.92,17.0
Kollwitzplatz,Pankow,3.334,36.0,0.92,16.8
Zehlendorf Eiche,Steglitz-Zehlendorf,3.414,33.4,0.934,16.6
Franziusweg,Tempelhof-Schöneberg,4.538,16.6,0.957,16.4
Goerzwerke,Steglitz-Zehlendorf,2.494,64.0,0.958,16.2
Kirchstraße,Tempelhof-Schöneberg,3.005,45.6,0.963,16.1
Karlshorst West,Lichtenberg,2.554,62.4,0.967,15.9
Alt-Bohnsdorf,Treptow-Köpenick,1.516,93.2,0.968,15.7
Berlepschstraße,Steglitz-Zehlendorf,3.649,28.0,0.969,15.5
Invalidenstraße,Mitte,2.284,72.7,0.969,15.3
Nordbahnhof,Mitte,2.063,80.8,0.971,15.1
Falkenberg,Treptow-Köpenick,2.652,58.3,0.971,14.9
Mittelheide,Treptow-Köpenick,11.99,1.8,0.985,14.8
Dammheide,Treptow-Köpenick,8.463,4.6,0.985,14.6
Oberhofer Platz,Steglitz-Zehlendorf,3.35,34.9,0.987,14.4
Unter den Linden,Mitte,0.633,99.3,0.989,14.2
Alt-Friedrichshagen,Treptow-Köpenick,11.136,2.4,1.002,14.0
Wilhelmsruh,Pankow,2.247,73.4,1.004,13.8
Grünau,Treptow-Köpenick,11.071,2.6,1.005,13.7
Gleisdreieck,Friedrichshain-Kreuzberg,2.403,67.9,1.012,13.5
Börnicker Straße,Spandau,4.499,17.0,1.021,13.3
Arkonaplatz,Mitte,2.703,55.9,1.023,13.1
Rosenthal,Pankow,2.434,66.8,1.041,12.9
Alt-Gatow,Spandau,7.229,6.6,1.042,12.7
Fischerhüttenstraße,Steglitz-Zehlendorf,6.05,9.4,1.048,12.5
Hagenplatz,Charlottenburg-Wilmersdorf,6.356,8.7,1.055,12.4
Fischtal,Steglitz-Zehlendorf,6.704,7.6,1.062,12.2
Birnhornweg,Tempelhof-Schöneberg,2.511,63.7,1.072,12.0
Kaulsdorf Nord,Marzahn-Hellersdorf,2.103,78.2,1.085,11.8
Teltower Damm,Steglitz-Zehlendorf,5.456,11.4,1.086,11.6
Karlshorst Nord,Lichtenberg,2.947,47.8,1.087,11.4
Preußen Siedlung,Treptow-Köpenick,4.1,21.0,1.102,11.3
Döberitzer Weg,Spandau,6.663,7.7,1.104,11.1
Dorf Altglienicke,Treptow-Köpenick,2.026,81.7,1.109,10.9
Stralauer Halbinsel,Friedrichshain-Kreuzberg,1.42,94.8,1.126,10.7
Hermsdorf Ost/Waldsee,Reinickendorf,4.156,20.5,1.128,10.5
Hermsdorf West,Reinickendorf,7.26,6.5,1.128,10.3
Schweizer Viertel,Steglitz-Zehlendorf,3.112,43.5,1.133,10.1
Fichtenberg,Steglitz-Zehlendorf,4.673,15.3,1.134,10.0
Wittelsbacherstraße,Tempelhof-Schöneberg,5.921,10.0,1.138,9.8
Alt-Biesdorf,Marzahn-Hellersdorf,3.737,25.5,1.141,9.6
Heiligensee,Reinickendorf,14.311,0.2,1.144,9.4
Alt-Heiligensee,Reinickendorf,3.68,26.9,1.144,9.2
Heiligensee Nord,Reinickendorf,11.834,2.0,1.144,9.0
Blankenfelde,Pankow,3.639,28.4,1.152,8.9
Lübars,Reinickendorf,2.523,63.5,1.164,8.7
Schönholz,Pankow,6.994,7.2,1.166,8.5
Rahnsdorf,Treptow-Köpenick,12.001,1.7,1.172,8.3
Alter Schlachthof,Pankow,0.54,99.6,1.181,8.1
Lichterfelde West,Steglitz-Zehlendorf,4.176,20.1,1.184,7.9
Charitéviertel,Mitte,1.207,97.2,1.186,7.7
Mahlsdorf Nord,Marzahn-Hellersdorf,1.772,88.9,1.187,7.6
Orankesee,Lichtenberg,3.782,24.4,1.2,7.4
Nikolassee,Steglitz-Zehlendorf,10.522,3.1,1.212,7.2
An der Tränke,Spandau,2.56,62.2,1.216,7.0
Schmöckwitz/Rauchfangswerder,Treptow-Köpenick,10.329,3.5,1.216,6.8
Wannsee,Steglitz-Zehlendorf,10.203,3.7,1.218,6.6
Späthsfelde,Treptow-Köpenick,1.604,91.9,1.219,6.5
Wista,Treptow-Köpenick,0.993,98.3,1.226,6.3
Flatowallee,Charlottenburg-Wilmersdorf,6.707,7.4,1.232,6.1
Alt-Mahlsdorf,Marzahn-Hellersdorf,2.062,81.0,1.239,5.9
Frohnau West,Reinickendorf,6.381,8.5,1.241,5.7
Frohnau Ost,Reinickendorf,12.565,1.3,1.241,5.5
Großer Tiergarten,Mitte,8.154,5.0,1.247,5.4
Karlshorst Süd,Lichtenberg,3.223,39.3,1.252,5.2
Dahlem,Steglitz-Zehlendorf,4.908,14.4,1.254,5.0
Karow Bahnhof,Pankow,2.092,79.5,1.279,4.8
Karow Ost,Pankow,1.616,91.7,1.28,4.6
Kaulsdorf Süd,Marzahn-Hellersdorf,3.336,35.8,1.298,4.4
Konradshöhe/Tegelort,Reinickendorf,5.176,12.5,1.3,4.2
Weiße Taube,Lichtenberg,1.34,95.6,1.301,4.1
Müggelheim,Treptow-Köpenick,10.621,3.0,1.302,3.9
Isenburger Weg,Spandau,1.799,87.5,1.31,3.7
Dörfer Malchow-Wartenberg,Lichtenberg,2.486,64.6,1.348,3.5
Hüttenweg,Steglitz-Zehlendorf,13.651,0.6,1.351,3.3
Kladower Damm,Spandau,2.068,80.6,1.354,3.1
Blankenburger Süden,Pankow,1.604,92.1,1.358,3.0
Blankenburg,Pankow,2.25,73.2,1.358,2.8
Krumme Lanke,Steglitz-Zehlendorf,13.521,0.7,1.365,2.6
Thielallee,Steglitz-Zehlendorf,3.448,32.7,1.38,2.4
Kafkastraße,Spandau,5.013,13.8,1.388,2.2
Jägerallee,Spandau,4.256,19.0,1.396,2.0
Wendenschloß,Treptow-Köpenick,3.572,29.7,1.408,1.8
Pilgramer Straße,Marzahn-Hellersdorf,2.222,74.7,1.412,1.7
Elsensee,Marzahn-Hellersdorf,1.895,85.6,1.412,1.5
Oberfeldstraße,Marzahn-Hellersdorf,2.354,70.1,1.427,1.3
Biesdorf Süd,Marzahn-Hellersdorf,3.302,37.5,1.438,1.1
Messelpark,Charlottenburg-Wilmersdorf,7.37,6.3,1.446,0.9
Eichkamp,Charlottenburg-Wilmersdorf,12.968,1.1,1.476,0.7
Olympiagelände,Charlottenburg-Wilmersdorf,7.092,7.0,1.476,0.6
Karolinenhof,Treptow-Köpenick,7.559,5.5,1.525,0.4
Märchenland,Pankow,1.734,89.5,1.534,0.2
